{"cameraMode":{"drawMode":0,"name":"Shaded","section":"Shading Mode"},"sceneLighting":false,"audioPlay":false,"sceneViewState":{"m_AlwaysRefresh":false,"showFog":true,"showSkybox":true,"showFlares":true,"showImageEffects":true,"showParticleSystems":true,"showVisualEffectGraphs":true,"m_FxEnabled":true},"in2DMode":false,"pivot":{"x":-0.13699999451637269,"y":1.6419999599456788,"z":1.0817999839782715},"rotation":{"x":0.05322042852640152,"y":-0.7019450664520264,"z":0.052746038883924487,"w":0.7082915902137756},"size":0.3861393928527832,"orthographic":true}